{
  "canon_hash": "009290963f444870dc585f6308871330e50c78dd010ad8796e46ccef07aec55e",
  "repro_hash": "43af9132b4114c1e71b2f6e07255244215b57755b3f8a1803e76debc0d951d2d",
  "output_digest": "f6b25c7f3cc1cd3e52266481b3c401da3fa62a25f7881307232de36ba36bf592",
  "rho_init_used": 0.2,
  "p_init_used": -0.2,
  "w_effective_init": -1.0,
  "start_z_used": 2.0,
  "a_init_used": 0.3333333333333333,
  "genesis_mode": "steady_state",
  "a_end": 0.9999999999999759,
  "H_end": 0.3415650260199308,
  "rho_end": 0.2,
  "M_X_end": 0.116666666999996,
  "H_min": 0.0,
  "H_max": 0.3415650260199308,
  "H_z0": 0.3415650260199308,
  "H_floor_count": 180,
  "z_start": 1.9890339683968157,
  "z_end": 2.4202861936828413e-14,
  "fs8_min": 0.0,
  "fs8_max": 0.0,
  "fs8_z0": 0.0,
  "fs8_masked_count": 180,
  "fs8_min_unmasked": 0.0,
  "fs8_max_unmasked": 0.0,
  "fs8_z0_unmasked": 0.0,
  "D0_index": 299,
  "D0": 1e-30,
  "sigma8_0": 0.811,
  "param": "alpha_mem",
  "value": 0.0,
  "run_index": 0,
  "rms_H_vs_baseline": 0.0,
  "rms_fs8_vs_baseline": 0.0,
  "rms_definition": "rms = sqrt(mean((x_i - x_i_baseline)^2)); fs8 uses aligned points where both baseline and run are unmasked and fsigma8 is not None",
  "rms_n_points": {
    "H": 300,
    "fs8": 120
  }
}