{
  "CRPIX1": 1000.5,
  "CRPIX2": 1000.5,
  "CRVAL1": 3.586259,
  "CRVAL2": -30.400174,
  "CDELT1": -8.33750208437552e-05,
  "CDELT2": 8.33750208437552e-05,
  "CD1_1": -8.3375020843755e-05,
  "CD1_2": 0.0,
  "CD2_1": 0.0,
  "CD2_2": 8.33750208437552e-05,
  "CTYPE1": "RA---TAN",
  "CTYPE2": "DEC--TAN"
}