{
  "canon_hash": "9b8a611986f366489d6a3c316a887bfce3932a2962037ed33946d04b9eb57a8b",
  "repro_hash": "6d25bd4a34c5191b72bae661688b0728bb5fb8ebfc91f17eddfa7320deddbd6c",
  "output_digest": "52a8c59ff37d8ee4d663c345d610404029a78b405e173fad856736caab2f0447",
  "rho_init_used": 0.2,
  "p_init_used": -0.2,
  "w_effective_init": -1.0,
  "start_z_used": 2.0,
  "a_init_used": 0.3333333333333333,
  "genesis_mode": "steady_state",
  "a_end": 0.9999999999999759,
  "H_end": 0.0,
  "rho_end": 0.2,
  "M_X_end": -0.3034217841893763,
  "H_min": 0.0,
  "H_max": 0.0,
  "H_z0": 0.0,
  "H_floor_count": 300,
  "z_start": 1.9890339683968157,
  "z_end": 2.4202861936828413e-14,
  "fs8_min": null,
  "fs8_max": null,
  "fs8_z0": null,
  "fs8_masked_count": 300,
  "fs8_min_unmasked": null,
  "fs8_max_unmasked": null,
  "fs8_z0_unmasked": null,
  "D0_index": 299,
  "D0": 1e-30,
  "sigma8_0": 0.811,
  "param": "alpha_mem",
  "value": 0.333333333,
  "run_index": 2,
  "rms_H_vs_baseline": 0.16366467356779751,
  "rms_fs8_vs_baseline": null,
  "rms_definition": "rms = sqrt(mean((x_i - x_i_baseline)^2)); fs8 uses aligned points where both baseline and run are unmasked and fsigma8 is not None",
  "rms_n_points": {
    "H": 300,
    "fs8": 0
  }
}