{
  "canon_hash": "9b8a611986f366489d6a3c316a887bfce3932a2962037ed33946d04b9eb57a8b",
  "repro_hash": "b416e6eff37c226a978ae1f4904b08204a6a9bd131cfb5106c7a6badcb7a0fcf",
  "output_digest": "d102adf16e05342b042bfc41c195c72ab5c0979b138f50fd786522604a2508a2",
  "rho_init_used": 0.6643044830132798,
  "p_init_used": -0.5931290024362302,
  "w_effective_init": -0.8928571424744898,
  "start_z_used": 2.0,
  "a_init_used": 0.3333333333333333,
  "genesis_mode": "steady_state",
  "a_end": 0.9999999999999759,
  "H_end": 0.6191391862901213,
  "rho_end": 0.4666666649999976,
  "rho_m_end": 0.05000000000000025,
  "M_X_end": 0.3833333319999936,
  "H_min": 0.0,
  "H_max": 0.6191391862901213,
  "H_z0": 0.6191391862901213,
  "H0_code": 0.6191391862901213,
  "idx0": 299,
  "z0": 2.4202861936828413e-14,
  "status": "VIABLE",
  "failure_reason": null,
  "H_floor_count": 30,
  "z_start": 1.9890339683968157,
  "z_end": 2.4202861936828413e-14,
  "fs8_min": 0.05056633273228147,
  "fs8_max": 0.5293598470582951,
  "fs8_z0": 0.24595623323728055,
  "fs8_masked_count": 30,
  "fs8_min_unmasked": 0.05056633273228147,
  "fs8_max_unmasked": 0.5293598470582951,
  "fs8_z0_unmasked": 0.24595623323728055,
  "fs8_min_compare": 0.05056633273228147,
  "fs8_max_compare": 0.5293598470582951,
  "fs8_z0_compare": 0.24595623323728055,
  "compare_point_count": 270,
  "compare_definition": "compare mask: z in [0, start_z] AND H > 10*H_floor AND fsigma8 not None",
  "D0_index": 299,
  "D0": 0.6583280990561059,
  "sigma8_0": 0.811,
  "rho_m0_input": 0.05,
  "rho_m_init_used": 1.3500000000000003,
  "param": "alpha_mem",
  "value": 0.333333333,
  "run_index": 1,
  "rms_H_vs_baseline": 0.02732633185152042,
  "rms_fs8_vs_baseline": 0.17414882159751333,
  "rms_definition": "rms = sqrt(mean((x_i - x_i_baseline)^2)); fs8 uses aligned points where both baseline and run are unmasked and fsigma8 is not None",
  "rms_n_points": {
    "H": 300,
    "fs8": 270
  }
}