smoothing_sigma_px,threshold_frac,lens_x_px,lens_y_px,gas_x_px,gas_y_px,dx_px,dy_px,offset_px,offset_arcsec,offset_arcmin
0.0,0.0,63.5,63.499999999999986,68.5799923744861,60.32500306273389,-5.079992374486096,3.174996937266094,5.9905699291875365,5.9905699291875365,0.0998428321531256
0.0,0.1,63.5,63.5,68.57987208541921,60.325181820294844,-5.079872085419211,3.174818179705156,5.990373183567756,5.990373183567756,0.0998395530594626
1.0,0.0,63.500000000000014,63.50000000000001,68.57998857278388,60.32500460586014,-5.079988572783861,3.17499539413987,5.990565887495437,5.990565887495437,0.09984276479159063
1.0,0.1,63.49999999999999,63.50000000000001,68.57998638283077,60.32510932703368,-5.079986382830775,3.1748906729663275,5.990508528917615,5.990508528917615,0.09984180881529357
2.0,0.0,63.5,63.5,68.57998072884716,60.325007856153455,-5.079980728847161,3.174992143846545,5.990557513199069,5.990557513199069,0.09984262521998448
2.0,0.1,63.49999999999999,63.50000000000001,68.58013287044704,60.324548102840865,-5.080132870447052,3.1754518971591423,5.990930205950341,5.990930205950341,0.09984883676583901
