{
  "canon_hash": "bdb71ddc06c077cd4daf44730b38ae4d3d81d8101f0b53ba51100156c4b0372f",
  "repro_hash": "de25c0a6c816cd5501d1a23b519ffd026c2365225b185b0706bd9880cf97c2ce",
  "output_digest": "186bbd4ad7a19a5c8879a9679009c7105593817b644bb456b4c420cdd6d7025a",
  "rho_init_used": 5.400000000000001,
  "p_init_used": 0.0,
  "w_effective_init": 0.0,
  "start_z_used": 2.0,
  "a_init_used": 0.3333333333333333,
  "genesis_mode": "steady_state",
  "a_end": 0.9999999999999759,
  "H_end": 0.34156502601993227,
  "rho_end": 0.200000000000001,
  "rho_m_end": 0.200000000000001,
  "M_X_end": 0.116666666999997,
  "H_min": 0.34156502601993227,
  "H_max": 2.1439385765817383,
  "H_z0": 0.34156502601993227,
  "H_floor_count": 0,
  "z_start": 1.9890339683968157,
  "z_end": 2.4202861936828413e-14,
  "fs8_min": 0.22758292140209382,
  "fs8_max": 1.0924861897449287,
  "fs8_z0": 1.0924861897449287,
  "fs8_masked_count": 0,
  "fs8_min_unmasked": 0.22758292140209382,
  "fs8_max_unmasked": 1.0924861897449287,
  "fs8_z0_unmasked": 1.0924861897449287,
  "fs8_min_compare": 0.22758292140209382,
  "fs8_max_compare": 1.0924861897449287,
  "fs8_z0_compare": 1.0924861897449287,
  "compare_point_count": 300,
  "compare_definition": "compare mask: z in [0, start_z] AND H > 10*H_floor AND fsigma8 not None",
  "D0_index": 299,
  "D0": 1.1910992065376205,
  "sigma8_0": 0.811,
  "rho_m0_input": 0.2,
  "rho_m_init_used": 5.400000000000001,
  "param": "alpha_mem",
  "value": 1.0,
  "run_index": 4,
  "rms_H_vs_baseline": 0.0,
  "rms_fs8_vs_baseline": 0.0,
  "rms_definition": "rms = sqrt(mean((x_i - x_i_baseline)^2)); fs8 uses aligned points where both baseline and run are unmasked and fsigma8 is not None",
  "rms_n_points": {
    "H": 300,
    "fs8": 300
  }
}