{
  "canon_hash": "bdb71ddc06c077cd4daf44730b38ae4d3d81d8101f0b53ba51100156c4b0372f",
  "repro_hash": "7152a3381158a8f4b246bfafdccac736a4c7f90693374364493d9475ed380e34",
  "output_digest": "0df4205dcc52251080caf521d0c84e52942d2f539fd82fb81c40677e59981695",
  "rho_init_used": 0.6643044830132798,
  "p_init_used": -0.5931290024362302,
  "w_effective_init": -0.8928571424744898,
  "start_z_used": 2.0,
  "a_init_used": 0.3333333333333333,
  "genesis_mode": "steady_state",
  "a_end": 0.9999999999999759,
  "H_end": 0.6191391862901213,
  "rho_end": 0.4666666649999976,
  "rho_m_end": 0.05000000000000025,
  "M_X_end": 0.3833333319999936,
  "H_min": 0.0,
  "H_max": 0.6191391862901213,
  "H_z0": 0.6191391862901213,
  "H0_code": 0.6191391862901213,
  "idx0": 299,
  "z0": 2.4202861936828413e-14,
  "status": "VIABLE",
  "failure_reason": null,
  "H_floor_count": 163,
  "z_start": 1.9890339683968157,
  "z_end": 2.4202861936828413e-14,
  "fs8_min": 0.00291227725936639,
  "fs8_max": 0.10564228369765757,
  "fs8_z0": 0.10262167883274173,
  "fs8_masked_count": 163,
  "fs8_min_unmasked": 0.00291227725936639,
  "fs8_max_unmasked": 0.10564228369765757,
  "fs8_z0_unmasked": 0.10262167883274173,
  "fs8_min_compare": 0.00291227725936639,
  "fs8_max_compare": 0.10564228369765757,
  "fs8_z0_compare": 0.10262167883274173,
  "compare_point_count": 137,
  "compare_definition": "compare mask: z in [0, start_z] AND H > 10*H_floor AND fsigma8 not None",
  "D0_index": 299,
  "D0": 0.352705917486017,
  "sigma8_0": 0.811,
  "rho_m0_input": 0.05,
  "rho_m_init_used": 1.3500000000000003,
  "param": "alpha_mem",
  "value": 1.0,
  "run_index": 2,
  "rms_H_vs_baseline": 0.30628175721238093,
  "rms_fs8_vs_baseline": 0.3087068882301831,
  "rms_definition": "rms = sqrt(mean((x_i - x_i_baseline)^2)); fs8 uses aligned points where both baseline and run are unmasked and fsigma8 is not None",
  "rms_n_points": {
    "H": 300,
    "fs8": 137
  }
}