{
  "canon_hash": "bdb71ddc06c077cd4daf44730b38ae4d3d81d8101f0b53ba51100156c4b0372f",
  "repro_hash": "fab37278aae6493cfdc6faf4f05aa3d383b9a26e43f3f972c03b9dcb1ffaedfc",
  "output_digest": "ca80b2f5a8e581530cf06fb3dc06c85c013a200a7ae4a8cdde14838311f7213c",
  "rho_init_used": 0.2,
  "p_init_used": -0.2,
  "w_effective_init": -1.0,
  "start_z_used": 2.0,
  "a_init_used": 0.3333333333333333,
  "genesis_mode": "steady_state",
  "a_end": 0.9999999999999759,
  "H_end": 0.0,
  "rho_end": 0.2,
  "rho_m_end": 0.05000000000000025,
  "M_X_end": -0.3034217841893763,
  "H_min": 0.0,
  "H_max": 0.0,
  "H_z0": 0.0,
  "H_floor_count": 300,
  "z_start": 1.9890339683968157,
  "z_end": 2.4202861936828413e-14,
  "fs8_min": null,
  "fs8_max": null,
  "fs8_z0": null,
  "fs8_masked_count": 300,
  "fs8_min_unmasked": null,
  "fs8_max_unmasked": null,
  "fs8_z0_unmasked": null,
  "fs8_min_compare": null,
  "fs8_max_compare": null,
  "fs8_z0_compare": null,
  "compare_point_count": 0,
  "compare_definition": "compare mask: z in [0, start_z] AND H > 10*H_floor AND fsigma8 not None",
  "D0_index": 299,
  "D0": 0.33455625147557466,
  "sigma8_0": 0.811,
  "rho_m0_input": 0.05,
  "rho_m_init_used": 1.3500000000000003,
  "param": "alpha_mem",
  "value": 1.0,
  "run_index": 4,
  "rms_H_vs_baseline": 0.16366467356779751,
  "rms_fs8_vs_baseline": null,
  "rms_definition": "rms = sqrt(mean((x_i - x_i_baseline)^2)); fs8 uses aligned points where both baseline and run are unmasked and fsigma8 is not None",
  "rms_n_points": {
    "H": 300,
    "fs8": 0
  }
}