smoothing_sigma_px,threshold_frac,lens_x_px,lens_y_px,gas_x_px,gas_y_px,dx_px,dy_px,offset_px,offset_arcsec,offset_arcmin
0.0,0.0,31.9999985833055,31.999998583305505,35.99993583829556,29.000012975562154,-3.999937254990062,2.9999856077433513,4.999941168706355,4.999941168706355,0.08333235281177259
0.0,0.1,32.0,32.0,36.0,29.0,-4.0,3.0,5.0,5.0,0.08333333333333333
1.0,0.0,31.999996763165107,31.999996763165107,35.999860270235125,29.00002905591638,-3.9998635070700175,2.9999677072487287,4.9998714303195495,4.9998714303195495,0.08333119050532582
1.0,0.1,32.0,32.0,36.00000000001147,28.999999999998842,-4.000000000011468,3.000000000001158,5.000000000009869,5.000000000009869,0.08333333333349782
2.0,0.0,31.99998940757136,31.99998940757136,35.99960663763699,29.000089250531012,-3.9996172300656276,2.999900157040347,4.999633880520507,4.999633880520507,0.08332723134200845
2.0,0.1,32.0,32.0,36.0,28.999999999999996,-4.0,3.0000000000000036,5.000000000000002,5.000000000000002,0.08333333333333336
