{
  "canon_hash": "bdb71ddc06c077cd4daf44730b38ae4d3d81d8101f0b53ba51100156c4b0372f",
  "repro_hash": "87eeec3275ab57152780e280151c4db0b588e1d938caedc179aac40803f67f37",
  "output_digest": "52a8c59ff37d8ee4d663c345d610404029a78b405e173fad856736caab2f0447",
  "rho_init_used": 0.2,
  "p_init_used": -0.2,
  "w_effective_init": -1.0,
  "start_z_used": 2.0,
  "a_init_used": 0.3333333333333333,
  "genesis_mode": "steady_state",
  "a_end": 0.9999999999999759,
  "H_end": 0.0,
  "rho_end": 0.2,
  "M_X_end": -0.3034217841893763,
  "H_min": 0.0,
  "H_max": 0.0,
  "H_z0": 0.0,
  "H_floor_count": 300,
  "z_start": 1.9890339683968157,
  "z_end": 2.4202861936828413e-14,
  "fs8_min": null,
  "fs8_max": null,
  "fs8_z0": null,
  "fs8_masked_count": 300,
  "fs8_min_unmasked": null,
  "fs8_max_unmasked": null,
  "fs8_z0_unmasked": null,
  "D0_index": 299,
  "D0": 1e-30,
  "sigma8_0": 0.811,
  "param": "alpha_mem",
  "value": 1.0,
  "run_index": 4,
  "rms_H_vs_baseline": 0.16366467356779751,
  "rms_fs8_vs_baseline": null,
  "rms_definition": "rms = sqrt(mean((x_i - x_i_baseline)^2)); fs8 uses aligned points where both baseline and run are unmasked and fsigma8 is not None",
  "rms_n_points": {
    "H": 300,
    "fs8": 0
  }
}