smoothing_sigma_px,threshold_frac,lens_x_px,lens_y_px,gas_x_px,gas_y_px,dx_px,dy_px,offset_px,offset_arcsec,offset_arcmin
0.0,0.0,63.50000000000001,63.50000000000001,68.5799923744861,60.32500306273389,-5.079992374486089,3.1749969372661155,5.990569929187542,29.95284964593771,0.4992141607656285
0.0,0.1,63.5,63.5,68.57987208541921,60.325181820294844,-5.079872085419211,3.174818179705156,5.990373183567756,29.951865917838777,0.49919776529731297
1.0,0.0,63.50000000000001,63.50000000000001,68.57998857278388,60.32500460586014,-5.0799885727838685,3.17499539413987,5.9905658874954435,29.952829437477217,0.4992138239579536
1.0,0.1,63.5,63.5,68.57998638283077,60.32510932703368,-5.079986382830768,3.1748906729663204,5.990508528917605,29.952542644588025,0.4992090440764671
2.0,0.0,63.50000000000001,63.49999999999999,68.57998072884716,60.325007856153455,-5.079980728847154,3.174992143846538,5.990557513199059,29.952787565995294,0.4992131260999216
2.0,0.1,63.49999999999999,63.5,68.58013287044704,60.324548102840865,-5.080132870447052,3.1754518971591352,5.990930205950337,29.954651029751687,0.4992441838291948
