{
  "canon_hash": "009290963f444870dc585f6308871330e50c78dd010ad8796e46ccef07aec55e",
  "repro_hash": "d7c108769c319f62025e1994403539e7b6454227f2f3a97f1cdd5bdf39a91da7",
  "output_digest": "917a0ac78c4531fee3f0c7ed83412eec49f594e89c117ad407f898e48f63d1e7",
  "rho_init_used": 0.6643044830132798,
  "p_init_used": -0.5931290024362302,
  "w_effective_init": -0.8928571424744898,
  "start_z_used": 2.0,
  "a_init_used": 0.3333333333333333,
  "genesis_mode": "steady_state",
  "a_end": 0.9999999999999759,
  "H_end": 0.6191391862901213,
  "rho_end": 0.4666666649999976,
  "rho_m_end": 0.05000000000000025,
  "M_X_end": 0.3833333319999936,
  "H_min": 0.0,
  "H_max": 0.6191391862901213,
  "H_z0": 0.6191391862901213,
  "H0_code": 0.6191391862901213,
  "idx0": 299,
  "z0": 2.4202861936828413e-14,
  "status": "VIABLE",
  "failure_reason": null,
  "H_floor_count": 19,
  "z_start": 1.9890339683968157,
  "z_end": 2.4202861936828413e-14,
  "fs8_min": 0.26454601157769625,
  "fs8_max": 1.5283303280221918,
  "fs8_z0": 0.26454601157769625,
  "fs8_masked_count": 19,
  "fs8_min_unmasked": 0.26454601157769625,
  "fs8_max_unmasked": 1.5283303280221918,
  "fs8_z0_unmasked": 0.26454601157769625,
  "fs8_min_compare": 0.26454601157769625,
  "fs8_max_compare": 1.5283303280221918,
  "fs8_z0_compare": 0.26454601157769625,
  "compare_point_count": 281,
  "compare_definition": "compare mask: z in [0, start_z] AND H > 10*H_floor AND fsigma8 not None",
  "D0_index": 299,
  "D0": 1.010414524196146,
  "sigma8_0": 0.811,
  "rho_m0_input": 0.05,
  "rho_m_init_used": 1.3500000000000003,
  "param": "alpha_mem",
  "value": 0.0,
  "run_index": 0,
  "rms_H_vs_baseline": 0.0,
  "rms_fs8_vs_baseline": 0.0,
  "rms_definition": "rms = sqrt(mean((x_i - x_i_baseline)^2)); fs8 uses aligned points where both baseline and run are unmasked and fsigma8 is not None",
  "rms_n_points": {
    "H": 300,
    "fs8": 281
  }
}