galaxy,n_points,baseline_rms,grut_rms,baseline_mean_abs_frac,grut_mean_abs_frac,inner_rms_baseline,inner_rms_grut,outer_rms_baseline,outer_rms_grut,input_hash,output_digest
g1,2,0.0,0.0,0.0,0.0,0.0,0.0,0.0,0.0,6c438198908437f1629a1c8e92413391e221fafeef1422909cea405b3b583f14,6cac81ad56b5a1894215ec6d5beed0c431af40fd3afa8fd2244a14cc8b4f9155
g2,2,3.976747329573726,3.976747329573726,0.04418608143970807,0.04418608143970807,3.976747329573726,3.976747329573726,3.976747329573726,3.976747329573726,2202a42c7b4bff274369f24b786710368c42b9e20ca56cae11b2a52f6df7c1f2,d994f2c0f2209b5f71275629ea12371f977429c941580fb15b7b0934f574da4e
