{"constants":{"G_SI":6.674e-11,"HBAR_SI":1.054571817e-34,"PI":3.141592653589793,"SEC_PER_YEAR":31557600.0},"inputs":{"alpha_vac":0.3333333333333333,"l_m":1.0,"m_kg":1.0,"omega_exp":1000.0,"omega_policy":"controlled","tau0_s":41900000.0},"outputs":{"enhancement":5.26683e+21,"t_dp_s":1.5801195939466588e-24,"t_grut_s":0.008322221280986081}}