smoothing_sigma_px,threshold_frac,lens_x_px,lens_y_px,gas_x_px,gas_y_px,dx_px,dy_px,offset_px,offset_arcsec,offset_arcmin
0.0,0.1,32.00000000000001,32.0,28.000000000000004,32.0,4.0000000000000036,0.0,4.0000000000000036,240.00000000000023,4.0000000000000036
1.0,0.1,32.0,32.00000000000001,28.00000000000388,32.0,3.9999999999961204,7.105427357601002e-15,3.9999999999961204,239.99999999976723,3.9999999999961204
