{"constants":{"G_SI":6.674e-11,"HBAR_SI":1.054571817e-34,"PI":3.141592653589793,"SEC_PER_YEAR":31557600.0},"inputs":{"alpha_vac":0.3333333333333333,"l_m":1e-06,"m_kg":1e-09,"omega_exp":100000.0,"omega_policy":"controlled","tau0_s":41900000.0},"outputs":{"X":4190000000000.0,"alpha_eff":1.8986752942472036e-26,"enhancement":5.266830000000001e+25,"t_dp_s":1.5801195939466587e-12,"t_grut_s":83222212809860.81}}