{
  "CRPIX1": 2000.5,
  "CRPIX2": 2000.5,
  "CRVAL1": 3.586259,
  "CRVAL2": -30.400173,
  "CDELT1": -1.38888888888889e-05,
  "CDELT2": 1.38888888888889e-05,
  "CD1_1": -1.3888888888888e-05,
  "CD1_2": 0.0,
  "CD2_1": 0.0,
  "CD2_2": 1.38888888888889e-05,
  "CTYPE1": "RA---TAN",
  "CTYPE2": "DEC--TAN"
}