{
  "presets": {
    "vacuum_plus_matter": {
      "assumption_toggles": {
        "growth_enabled": true
      },
      "cert": {
        "canon_hash": "60fd8c5c2be022e33060ea16ac5bf455eb40523a8520aa3011c6c361aabc25c9",
        "output_digest": "df87edac8e3a5634c1b1a7840f78d5cafb0ee52d4d8cb2fc55c2d8d940b59ec1",
        "repro_hash": "7e18fc8eabdd811973f46166c68343363ce6842600832b0ea5d931fc0c16751f"
      },
      "init_state": {
        "H": 1e-10,
        "M_X": 0.0,
        "a": 1.0,
        "base_term": 1.7666666650000002,
        "curv_term": -0.749999997,
        "p": -0.416666665,
        "p_total_init": -0.416666665,
        "rho": 1.7666666650000002,
        "rho0_vac": 0.416666665,
        "rho_at_start": true,
        "rho_m": 1.3500000000000003,
        "rho_m0": 0.05,
        "rho_m0_min": 0.01234567896296296,
        "rho_m_init": 1.3500000000000003,
        "rho_threshold_min": 0.083333333,
        "rho_total_init": 1.7666666650000002,
        "rho_vac_init": 0.416666665
      },
      "run_config": {
        "dt_years": 100000.0,
        "integrator": "RK4",
        "rho_is_rho0": true,
        "start_z": 2.0,
        "steps": 60,
        "valid_z_max": 1.0
      },
      "status": {
        "H0_code": 0.2429463952201511,
        "failure_reason": "start_z_above_valid_z_max",
        "idx0": 59,
        "status": "OUT_OF_DOMAIN_HIGH_Z",
        "valid_z_max": 1.0,
        "z0": 4.440892098500626e-15
      }
    }
  },
  "run_config": {
    "dt_years": 100000.0,
    "integrator": "RK4",
    "rho_is_rho0": true,
    "start_z": 2.0,
    "steps": 60
  }
}