r_kpc,v_obs,v_err,v_gas,v_star,v_bulge,v_bar,v_grut,resid_bar,resid_grut
1.0,90.0,5.0,50.0,70.0,,86.02325267042627,86.02325267042627,3.976747329573726,3.976747329573726
2.0,90.0,5.0,50.0,70.0,,86.02325267042627,86.02325267042627,3.976747329573726,3.976747329573726
