{
  "CRPIX1": 2667,
  "CRPIX2": 2833,
  "CRVAL1": 3.5861116102844,
  "CRVAL2": -30.4002469444444,
  "CDELT1": -8.3333333333333e-06,
  "CDELT2": 8.33333333333335e-06,
  "CD1_1": -8.3333333333333e-06,
  "CD1_2": 0.0,
  "CD2_1": 0.0,
  "CD2_2": 8.33333333333335e-06,
  "CTYPE1": "RA---TAN",
  "CTYPE2": "DEC--TAN"
}