{
  "presets": {
    "matter_only": {
      "assumption_toggles": {
        "growth_enabled": true
      },
      "cert": {
        "canon_hash": "60fd8c5c2be022e33060ea16ac5bf455eb40523a8520aa3011c6c361aabc25c9",
        "output_digest": "82b5c6ea0bc581bc915ab3ec877812ffea0fcf60b1c1ef4963e601450256eb6e",
        "repro_hash": "b07ad717e9c12945fbad15cbdde31302ccd407a1d08d39f20b0071d5c64cf507"
      },
      "init_state": {
        "H": 1e-10,
        "M_X": 0.0,
        "a": 1.0,
        "p": 0.0,
        "rho": 0.2,
        "rho_m0": 0.2
      },
      "run_config": {
        "dt_years": 100000.0,
        "integrator": "RK4",
        "rho_is_rho0": true,
        "start_z": 2.0,
        "steps": 80
      },
      "status": {
        "H0_code": 0.34156502601993777,
        "failure_reason": null,
        "idx0": 79,
        "status": "VIABLE",
        "valid_z_max": null,
        "z0": 1.1102230246251565e-15
      }
    },
    "vacuum_plus_matter": {
      "assumption_toggles": {
        "growth_enabled": true
      },
      "cert": {
        "canon_hash": "60fd8c5c2be022e33060ea16ac5bf455eb40523a8520aa3011c6c361aabc25c9",
        "output_digest": "9ff3594b5d8ee8e8cba9ed3fef919bdc52c2db75b5e363e17e501f489fa78cfd",
        "repro_hash": "eb2013397a2f235819b64dce9bb281c090bab14b40179995d27ec356ab8bccee"
      },
      "init_state": {
        "H": 1e-10,
        "M_X": 0.0,
        "a": 1.0,
        "base_term": 1.7666666650000002,
        "curv_term": -0.749999997,
        "p": -0.416666665,
        "p_total_init": -0.416666665,
        "rho": 1.7666666650000002,
        "rho0_vac": 0.416666665,
        "rho_at_start": true,
        "rho_m": 1.3500000000000003,
        "rho_m0": 0.05,
        "rho_m0_min": 0.01234567896296296,
        "rho_m_init": 1.3500000000000003,
        "rho_threshold_min": 0.083333333,
        "rho_total_init": 1.7666666650000002,
        "rho_vac_init": 0.416666665
      },
      "run_config": {
        "dt_years": 100000.0,
        "integrator": "RK4",
        "rho_is_rho0": true,
        "start_z": 2.0,
        "steps": 80,
        "valid_z_max": 1.0
      },
      "status": {
        "H0_code": 0.24294639522015138,
        "failure_reason": "start_z_above_valid_z_max",
        "idx0": 79,
        "status": "OUT_OF_DOMAIN_HIGH_Z",
        "valid_z_max": 1.0,
        "z0": 1.1102230246251565e-15
      }
    }
  },
  "run_config": {
    "dt_years": 100000.0,
    "integrator": "RK4",
    "rho_is_rho0": true,
    "start_z": 2.0,
    "steps": 80
  }
}