r_kpc,v_obs,v_err,v_gas,v_star,v_bulge,v_bar,v_grut,resid_bar,resid_grut
1.0,110.0,5.0,60.0,80.0,,100.0,108.27805840074194,10.0,1.7219415992580593
2.0,110.0,5.0,60.0,80.0,,100.0,105.92219878345593,10.0,4.077801216544074
3.0,110.0,5.0,60.0,80.0,,100.0,104.01765297846103,10.0,5.9823470215389705
4.0,110.0,5.0,60.0,80.0,,100.0,102.77060743621685,10.0,7.229392563783151
