{
  "inputs": {
    "m_kg": 1e-06,
    "l_m": 1e-06,
    "tau0_s": 1.0,
    "omega_exp": 1000.0,
    "omega_policy": "controlled",
    "alpha_vac": 0.3333333333333333,
    "units": {
      "omega": "rad_per_s",
      "l": "m",
      "m": "kg"
    }
  },
  "outputs": {
    "t_dp_s": 1.5801195939466586e-18,
    "t_grut_s": 4.740363522198758e-12,
    "enhancement": 3000003.0,
    "X": 1000.0,
    "alpha_eff": 3.333330000003333e-07
  },
  "constants": {
    "G_SI": 6.674e-11,
    "HBAR_SI": 1.054571817e-34,
    "PI": 3.141592653589793,
    "SEC_PER_YEAR": 31557600.0
  },
  "policy": {
    "omega_policy": "controlled",
    "omega_exp": 1000.0,
    "alpha_vac": 0.3333333333333333,
    "tau0_s": 1.0
  },
  "sources": {
    "tau0_s": {
      "source": "override",
      "canon_hash": null
    },
    "alpha_vac": {
      "source": "override"
    }
  }
}