{
  "inputs": {
    "m_kg": 1e-09,
    "l_m": 1e-06,
    "tau0_s": 1322263440000000.0,
    "omega_exp": 1000.0,
    "omega_policy": "controlled",
    "alpha_vac": 0.3333333333333333,
    "units": {
      "omega": "rad_per_s",
      "l": "m",
      "m": "kg"
    }
  },
  "outputs": {
    "t_dp_s": 1.5801195939466587e-12,
    "t_grut_s": 8.287951353775757e+24,
    "enhancement": 5.245141814281901e+36,
    "X": 1.32226344e+18,
    "alpha_eff": 1.906526144397313e-37
  },
  "constants": {
    "G_SI": 6.674e-11,
    "HBAR_SI": 1.054571817e-34,
    "PI": 3.141592653589793,
    "SEC_PER_YEAR": 31557600.0
  },
  "policy": {
    "omega_policy": "controlled",
    "omega_exp": 1000.0,
    "alpha_vac": 0.3333333333333333,
    "tau0_s": 1322263440000000.0
  },
  "sources": {
    "tau0_s": {
      "source": "canon",
      "canon_hash": "d2da4b3bb7fe6cc8147f5d964ba5c5ef1af59554689dfd19abb7ef5eff5182cb"
    },
    "alpha_vac": {
      "source": "override"
    }
  }
}