{
  "canon_hash": "009290963f444870dc585f6308871330e50c78dd010ad8796e46ccef07aec55e",
  "repro_hash": "7d6eeabbedc1f2ab2015469ff6bd51a927c489534c83fc1c4a3d3b8f6133fa2c",
  "output_digest": "f16f32adfb765761f595a5265a55aa55d9241cb775b59e18f3f673dc9af8bdb4",
  "rho_init_used": 0.2,
  "p_init_used": -0.2,
  "w_effective_init": -1.0,
  "start_z_used": 2.0,
  "a_init_used": 0.3333333333333333,
  "genesis_mode": "steady_state",
  "a_end": 0.9999999999999759,
  "H_end": 0.3415650260199308,
  "rho_end": 0.2,
  "rho_m_end": 0.05000000000000025,
  "M_X_end": 0.116666666999996,
  "H_min": 0.0,
  "H_max": 0.3415650260199308,
  "H_z0": 0.3415650260199308,
  "H_floor_count": 180,
  "z_start": 1.9890339683968157,
  "z_end": 2.4202861936828413e-14,
  "fs8_min": 0.41631877665469663,
  "fs8_max": 0.7357759966021961,
  "fs8_z0": 0.41631877665469663,
  "fs8_masked_count": 180,
  "fs8_min_unmasked": 0.41631877665469663,
  "fs8_max_unmasked": 0.7357759966021961,
  "fs8_z0_unmasked": 0.41631877665469663,
  "fs8_min_compare": 0.41631877665469663,
  "fs8_max_compare": 0.7357759966021961,
  "fs8_z0_compare": 0.41631877665469663,
  "compare_point_count": 120,
  "compare_definition": "compare mask: z in [0, start_z] AND H > 10*H_floor AND fsigma8 not None",
  "D0_index": 299,
  "D0": 0.4787726930934698,
  "sigma8_0": 0.811,
  "rho_m0_input": 0.05,
  "rho_m_init_used": 1.3500000000000003,
  "param": "alpha_mem",
  "value": 0.0,
  "run_index": 0,
  "rms_H_vs_baseline": 0.0,
  "rms_fs8_vs_baseline": 0.0,
  "rms_definition": "rms = sqrt(mean((x_i - x_i_baseline)^2)); fs8 uses aligned points where both baseline and run are unmasked and fsigma8 is not None",
  "rms_n_points": {
    "H": 300,
    "fs8": 120
  }
}