{
  "canon_hash": "36acba0ce70ca8bc19c360668e4f6c0e8fb003e03951255146da1d2cc9f6f874",
  "repro_hash": "1c44105269b0ff9a170ef2975936222d30f4c070996b6f375213e0283a5f0798",
  "output_digest": "73cbe087c95769faab5be6dd39fadb8f04d1eb0d1232caa652bebe61d949512f",
  "rho_init_used": 0.2,
  "p_init_used": -0.2,
  "w_effective_init": -1.0,
  "start_z_used": 2.0,
  "a_init_used": 0.3333333333333333,
  "genesis_mode": "steady_state",
  "a_end": 0.9999999999999759,
  "H_end": 0.34156502601993083,
  "rho_end": 0.2,
  "rho_m_end": 0.05000000000000025,
  "M_X_end": 0.116666666999996,
  "H_min": 0.0,
  "H_max": 0.34156502601993083,
  "H_z0": 0.34156502601993083,
  "H_floor_count": 213,
  "z_start": 1.9890339683968157,
  "z_end": 2.4202861936828413e-14,
  "fs8_min": 0.48947898189880895,
  "fs8_max": 129.21365321101877,
  "fs8_z0": 0.48947898189880895,
  "fs8_masked_count": 213,
  "fs8_min_unmasked": 0.48947898189880895,
  "fs8_max_unmasked": 129.21365321101877,
  "fs8_z0_unmasked": 0.48947898189880895,
  "fs8_min_compare": 0.48947898189880895,
  "fs8_max_compare": 129.21365321101877,
  "fs8_z0_compare": 0.48947898189880895,
  "compare_point_count": 87,
  "compare_definition": "compare mask: z in [0, start_z] AND H > 10*H_floor AND fsigma8 not None",
  "D0_index": 299,
  "D0": 0.7358391627570725,
  "sigma8_0": 0.811,
  "rho_m0_input": 0.05,
  "rho_m_init_used": 1.3500000000000003,
  "param": "alpha_mem",
  "value": 0.1,
  "run_index": 1,
  "rms_H_vs_baseline": 0.05103677059016404,
  "rms_fs8_vs_baseline": 13.785662429365546,
  "rms_definition": "rms = sqrt(mean((x_i - x_i_baseline)^2)); fs8 uses aligned points where both baseline and run are unmasked and fsigma8 is not None",
  "rms_n_points": {
    "H": 300,
    "fs8": 87
  }
}