{
  "alpha_mem": 0.333333333,
  "run_config": {
    "start_z": 2.0,
    "dt_years": 100000.0,
    "steps": 300,
    "integrator": "RK4"
  },
  "presets": {
    "matter_only": {
      "canon_hash": "9b8a611986f366489d6a3c316a887bfce3932a2962037ed33946d04b9eb57a8b",
      "repro_hash": "4928dbb93e83d81cff9945172cb46e4f878286d72271afef0d556df0bebdcac2",
      "output_digest": "c5aff059517ca01e062871e651dc9929754135e00b95e438c5b006d3744395ef",
      "initial_conditions": {
        "t0_years": 0.0,
        "genesis_mode": "steady_state",
        "driver": "X=H_base^2",
        "H_base2_t0": 4.6500000030000015,
        "M_X_t0": 4.6500000030000015,
        "H_t0": 2.156385865980391,
        "tau_eff_t0": 5.132548050169828e-09,
        "transient_warning": false,
        "a_init_used": 0.3333333333333333,
        "rho_init_used": 5.400000000000001,
        "p_init_used": 0.0,
        "w_effective_init": 0.0,
        "start_z_used": 2.0,
        "start_z": 2.0,
        "a_init": 0.3333333333333333,
        "rho_init": 5.400000000000001,
        "rho_m_init": 5.400000000000001,
        "rho_is_rho0": true,
        "rho0_input": 0.2,
        "rho_m0_input": 0.2,
        "rho_m_init_used": 5.400000000000001,
        "p0_input": 0.0,
        "w_eff_used_for_inference": 0.0,
        "rho_init_inferred": 5.400000000000001,
        "dlna_target": 0.0036620409622270325,
        "growth_init": {
          "mode": "growing_mode",
          "a_init": 0.33455625147557466,
          "D_init": 0.33455625147557466,
          "Dp_init": 0.7172680535750656
        }
      },
      "H0_code": 0.34156502601993227,
      "idx0": 299,
      "z0": 2.4202861936828413e-14,
      "H_base2_z0": 0.116666666999997,
      "M_X_z0": 0.116666666999997,
      "H2_raw_z0": 0.116666666999997,
      "H_floor_count": 0,
      "H2_negative_count": 0,
      "H2_negative_first_index": null,
      "H2_negative_first_z": null,
      "H2_negative_count_above_valid_z_max": 0,
      "warnings": []
    },
    "vacuum_plus_matter": {
      "canon_hash": "9b8a611986f366489d6a3c316a887bfce3932a2962037ed33946d04b9eb57a8b",
      "repro_hash": "1a4121054b392960b6c83daab84a4c18cf615a799bf791ad76448ce25158c49a",
      "output_digest": "1fc205109eb4afdfdb568f5146625b8d035d0c65b345896a49a6ee5f5c27a804",
      "initial_conditions": {
        "t0_years": 0.0,
        "genesis_mode": "steady_state",
        "driver": "X=H_base^2",
        "H_base2_t0": -0.08569551398672015,
        "M_X_t0": -0.08569551398672015,
        "H_t0": 0.0,
        "tau_eff_t0": 41900000.0,
        "transient_warning": false,
        "a_init_used": 0.3333333333333333,
        "rho_init_used": 0.6643044830132798,
        "p_init_used": -0.5931290024362302,
        "w_effective_init": -0.8928571424744898,
        "start_z_used": 2.0,
        "start_z": 2.0,
        "a_init": 0.3333333333333333,
        "rho_init": 0.6643044830132798,
        "rho_m_init": 1.3500000000000003,
        "rho0_vac": 0.416666665,
        "rho_total0": 0.466666665,
        "p_total0": -0.416666665,
        "rho_threshold_min": 0.083333333,
        "rho_is_rho0": true,
        "rho0_input": 0.466666665,
        "rho_m0_input": 0.05,
        "rho_m_init_used": 1.3500000000000003,
        "p0_input": -0.416666665,
        "w_eff_used_for_inference": -0.8928571424744898,
        "rho_init_inferred": 0.6643044830132798,
        "dlna_target": 0.0036620409622270325,
        "growth_init": {
          "mode": "growing_mode",
          "a_init": 0.33455625147557466,
          "D_init": 0.33455625147557466,
          "Dp_init": 0.0
        }
      },
      "H0_code": 0.6191391862901213,
      "idx0": 299,
      "z0": 2.4202861936828413e-14,
      "H_base2_z0": 0.3833333319999936,
      "M_X_z0": 0.3833333319999936,
      "H2_raw_z0": 0.38333333199999353,
      "H_floor_count": 30,
      "H2_negative_count": 30,
      "H2_negative_first_index": 0,
      "H2_negative_first_z": 1.9890339683968157,
      "H2_negative_count_above_valid_z_max": 30,
      "warnings": [
        "GROWTH_HELD_LOW_H",
        "GROWTH_HELD_LOW_H",
        "GROWTH_HELD_LOW_H",
        "GROWTH_HELD_LOW_H",
        "GROWTH_HELD_LOW_H",
        "GROWTH_HELD_LOW_H",
        "GROWTH_HELD_LOW_H",
        "GROWTH_HELD_LOW_H",
        "GROWTH_HELD_LOW_H",
        "GROWTH_HELD_LOW_H",
        "GROWTH_HELD_LOW_H",
        "GROWTH_HELD_LOW_H",
        "GROWTH_HELD_LOW_H",
        "GROWTH_HELD_LOW_H",
        "GROWTH_HELD_LOW_H",
        "GROWTH_HELD_LOW_H",
        "GROWTH_HELD_LOW_H",
        "GROWTH_HELD_LOW_H",
        "GROWTH_HELD_LOW_H",
        "GROWTH_HELD_LOW_H",
        "GROWTH_HELD_LOW_H",
        "GROWTH_HELD_LOW_H",
        "GROWTH_HELD_LOW_H",
        "GROWTH_HELD_LOW_H",
        "GROWTH_HELD_LOW_H",
        "GROWTH_HELD_LOW_H",
        "GROWTH_HELD_LOW_H",
        "GROWTH_HELD_LOW_H",
        "GROWTH_HELD_LOW_H",
        "GROWTH_HELD_LOW_H"
      ]
    }
  }
}