{
  "canon_hash": "36acba0ce70ca8bc19c360668e4f6c0e8fb003e03951255146da1d2cc9f6f874",
  "repro_hash": "8ca3430e5281435b65e788dc6b20c7c7bc52891d89222b2c1f8a0268ca28d947",
  "output_digest": "88806e2e57921cd807baa1057a0e6610d0564e4c9b60bf44aa76a2a854008aa2",
  "rho_init_used": 0.2,
  "p_init_used": -0.2,
  "w_effective_init": -1.0,
  "start_z_used": 2.0,
  "a_init_used": 0.3333333333333333,
  "genesis_mode": "steady_state",
  "a_end": 0.9999999999999759,
  "H_end": 0.34156502601993083,
  "rho_end": 0.2,
  "M_X_end": 0.116666666999996,
  "H_min": 0.0,
  "H_max": 0.34156502601993083,
  "H_z0": 0.34156502601993083,
  "H_floor_count": 213,
  "z_start": 1.9890339683968157,
  "z_end": 2.4202861936828413e-14,
  "fs8_min": 0.0,
  "fs8_max": 0.0,
  "fs8_z0": 0.0,
  "fs8_masked_count": 213,
  "fs8_min_unmasked": 0.0,
  "fs8_max_unmasked": 0.0,
  "fs8_z0_unmasked": 0.0,
  "D0_index": 299,
  "D0": 1e-30,
  "sigma8_0": 0.811,
  "param": "alpha_mem",
  "value": 0.1,
  "run_index": 1,
  "rms_H_vs_baseline": 0.05103677059016404,
  "rms_fs8_vs_baseline": 0.0,
  "rms_definition": "rms = sqrt(mean((x_i - x_i_baseline)^2)); fs8 uses aligned points where both baseline and run are unmasked and fsigma8 is not None",
  "rms_n_points": {
    "H": 300,
    "fs8": 87
  }
}