{
  "kappa": {
    "r_arcsec": [
      2.245064030267289,
      6.735192090801867,
      11.225320151336444,
      15.715448211871022,
      20.2055762724056,
      24.695704332940178,
      29.185832393474755,
      33.675960454009335,
      38.166088514543915,
      42.65621657507849,
      47.14634463561306,
      51.63647269614765,
      56.12660075668222,
      60.616728817216796,
      65.10685687775138,
      69.59698493828596,
      74.08711299882053,
      78.57724105935512,
      83.06736911988969,
      87.55749718042426
    ],
    "baseline_mean": [
      0.4571471711497683,
      0.3635771736064359,
      0.2298430360193123,
      0.11111455811224694,
      0.03625626266444999,
      0.0007835869593490204,
      -0.012547257269994184,
      -0.016329763333808086,
      -0.017210478508965715,
      -0.01737043696447782,
      -0.017393476538158887,
      -0.017396152896278473,
      -0.017396401566645903,
      -0.0173964195908978,
      -0.01739642065494998,
      -0.017396420712093682,
      -0.01739642071414911,
      -0.01739642071421156,
      -0.017396420714211998,
      -0.017396420714210954
    ],
    "grut_mean": [
      0.6094919592701825,
      0.4847462263390011,
      0.30645102481538933,
      0.14815630749386788,
      0.04834704075670768,
      0.0010482044521108978,
      -0.01672823445267224,
      -0.021772567752889632,
      -0.02294719946099248,
      -0.02316056368789839,
      -0.02319129936926042,
      -0.023194870226158147,
      -0.023195202057664566,
      -0.023195226113643837,
      -0.023195227534013235,
      -0.023195227610321424,
      -0.023195227613066315,
      -0.02319522761315009,
      -0.023195227613150154,
      -0.023195227613149898
    ],
    "rms_profile_diff": 0.04781620813036632,
    "max_abs_profile_diff": 0.1523447881204142
  },
  "gamma_t": {
    "r_arcsec": [
      2.245064030267289,
      6.735192090801867,
      11.225320151336444,
      15.715448211871022,
      20.2055762724056,
      24.695704332940178,
      29.185832393474755,
      33.675960454009335,
      38.166088514543915,
      42.65621657507849,
      47.14634463561306,
      51.63647269614765,
      56.12660075668222,
      60.616728817216796,
      65.10685687775138,
      69.59698493828596,
      74.08711299882053,
      78.57724105935512,
      83.06736911988969,
      87.55749718042426
    ],
    "baseline_mean": [
      0.0125738051227183,
      0.056471439708541085,
      0.11095913696987084,
      0.14375118332492423,
      0.1451322021552237,
      0.12592248991997912,
      0.10079421902740979,
      0.07914231731759061,
      0.0621439088065571,
      0.0500396576681674,
      0.04085299720777808,
      0.034144395230512936,
      0.02873810325652305,
      0.024898863425099626,
      0.017933311326610333,
      0.009177619190244225,
      0.004724143948060071,
      0.002196193540493399,
      0.0007801977760508228,
      0.00016862233288838694
    ],
    "grut_mean": [
      0.01676302039636789,
      0.0752867535215828,
      0.14793120852176003,
      0.19165393854570986,
      0.19349975971699707,
      0.16789171091454316,
      0.13439044442195863,
      0.10552255044116413,
      0.08285842427448442,
      0.06671952243867045,
      0.054470660007507,
      0.045525859977094615,
      0.03831747097211331,
      0.03319848455665155,
      0.023911081762710333,
      0.012236825583928187,
      0.006298858595838235,
      0.002928258053259389,
      0.001040263701140566,
      0.00022290023358821677
    ]
  }
}