smoothing_sigma_px,threshold_frac,lens_x_px,lens_y_px,gas_x_px,gas_y_px,dx_px,dy_px,offset_px,offset_arcsec,offset_arcmin
0.0,0.0,63.500000000000014,63.49999999999999,68.5799923744861,60.32500306273389,-5.079992374486082,3.1749969372661013,5.9905699291875285,5.9905699291875285,0.09984283215312548
0.0,0.1,63.49999999999998,63.49999999999999,68.57987208541921,60.325181820294844,-5.0798720854192325,3.1748181797051487,5.99037318356777,5.99037318356777,0.09983955305946283
1.0,0.0,63.50000000000001,63.49999999999999,68.57998857278388,60.32500460586014,-5.0799885727838685,3.174995394139856,5.990565887495436,5.990565887495436,0.09984276479159061
1.0,0.1,63.49999999999999,63.49999999999999,68.57998638283077,60.32510932703368,-5.079986382830775,3.1748906729663133,5.990508528917607,5.990508528917607,0.09984180881529345
2.0,0.0,63.5,63.5,68.57998072884716,60.325007856153455,-5.079980728847161,3.174992143846545,5.990557513199069,5.990557513199069,0.09984262521998448
2.0,0.1,63.50000000000001,63.50000000000001,68.58013287044704,60.324548102840865,-5.080132870447038,3.1754518971591423,5.990930205950329,5.990930205950329,0.09984883676583882
